{"coef_": [-0.2489289260045075, 0.9795018312923008, 0.31751975990647097], "intercept_": -0.04052248097691691, "alpha_": 0.8014348294394, "lambda_": 2.5319804680018105, "sigma_": [[0.011459766910364749, -0.006143125121656458, -0.005292479054769305], [-0.006143125121656458, 0.025942516262974034, -0.019742648990015422], [-0.005292479054769305, -0.019742648990015422, 0.025240714833347614]], "base_learners_keys": ["xgb", "lgb", "cb"]}