{
  "AF_GRASSLAND_FERTILE": -9.473993957333782,
  "AF_SAHEL_GRASS": -7.522905835481538,
  "GR3": -6.702743556659544,
  "GR4": -6.243629435526186,
  "AF_HIGHVELD_GRASS": -3.568663496986337,
  "SH2": -1.2295901306877701,
  "AF_MIOMBO": 0.16753985768574067,
  "AF_MIOMBO_DENSE": 0.27057350098684063,
  "AF_LOWVELD_SAVANNA": 0.5643442608686817,
  "AF_ACACIA_SAVANNA": 1.5872828080624448,
  "AF_SAHEL_WOODED": 1.612443842208321,
  "AF_SUDAN_WOODED": 1.9582698286786089,
  "AF_FYNBOS_YOUNG": 2.597536750017413,
  "AF_BUSHVELD": 2.998971806217188,
  "AF_FYNBOS": 6.991985363381977
}