{
  "AF_GRASSLAND_FERTILE": 1.810463409391838,
  "AF_FYNBOS": 2.40945802334074,
  "AF_FOREST_DRY": 3.236632327192531,
  "AF_CEREALES": 7.159364799340598
}