{
  "AF_GRASSLAND_FERTILE": -9.632913767635694,
  "AF_SAHEL_GRASS": -7.911475268031513,
  "GR3": -6.892202490323405,
  "GR4": -6.393066450602045,
  "AF_HIGHVELD_GRASS": -3.4526583914492277,
  "SH2": -1.3936712994350555,
  "AF_MIOMBO": 0.17409846101718804,
  "AF_MIOMBO_DENSE": 0.22888390636637665,
  "AF_LOWVELD_SAVANNA": 0.5920928435740698,
  "AF_ACACIA_SAVANNA": 1.5478159521969626,
  "AF_SAHEL_WOODED": 1.6284731371515144,
  "AF_SUDAN_WOODED": 1.926922095316079,
  "AF_FYNBOS_YOUNG": 2.5032902184377748,
  "AF_BUSHVELD": 3.141861861164829,
  "AF_FYNBOS": 6.844264731878437
}